id,first_name,last_name,email,gender,dob,teacher
1,Uriah,Disbrow,mdisbrow0@google.com.au,Female,2021-04-21,Mallorie
2,Garek,Millar,smillar1@nytimes.com,Female,2022-01-06,Sandor
3,Abramo,Tal,gtal2@etsy.com,Male,2021-03-24,Gifford
4,Dolph,Wogden,hwogden3@businesswire.com,Male,2021-10-04,Hedwiga
5,Rolf,Woolveridge,twoolveridge4@cam.ac.uk,Female,2021-08-18,Tressa
6,Neddy,Houten,thouten5@go.com,Female,2022-01-13,Tracey
7,Datha,Brody,jbrody6@sphinn.com,Female,2021-08-01,Janka
8,Hughie,Newson,jnewson7@hp.com,Bigender,2021-06-14,Jordain
9,Gwen,Valti,bvalti8@ow.ly,Male,2022-01-10,Britney
10,Jolee,O' Concannon,eoconcannon9@ucsd.edu,Female,2021-04-23,Elysha
11,Halsey,Sprankling,aspranklinga@theatlantic.com,Female,2021-07-13,Ado
12,Janina,Pooley,epooleyb@youku.com,Male,2021-03-12,Eleni
13,Callida,Huot,ehuotc@feedburner.com,Polygender,2021-03-20,Elinore
14,Rubina,Loads,aloadsd@omniture.com,Female,2021-11-24,Antonietta
15,Dorthy,Stroton,nstrotone@theguardian.com,Female,2021-07-12,Nickolai
16,Jacklyn,Exton,bextonf@nhs.uk,Polygender,2022-01-04,Broderick
17,Kermit,Byass,lbyassg@furl.net,Female,2021-08-16,Letisha
18,Joeann,Dominichetti,bdominichettih@unc.edu,Male,2021-06-27,Brunhilda
19,Adiana,Peverell,dpeverelli@netlog.com,Female,2021-07-26,Delmar
20,Chuck,Blackborow,tblackborowj@addtoany.com,Female,2021-03-26,Thelma
21,Atlanta,Camings,vcamingsk@unicef.org,Female,2021-11-23,Valeda
22,Alanah,Petkovic,spetkovicl@msu.edu,Male,2022-01-07,Stephie
23,Kissee,Withers,lwithersm@imageshack.us,Male,2021-03-21,Linoel
24,Melli,Palomba,lpalomban@desdev.cn,Male,2021-10-13,Libby
25,Jerry,Franssen,nfransseno@phoca.cz,Female,2021-12-10,Nell
26,Zacharia,Plimmer,jplimmerp@hibu.com,Female,2021-10-28,Jorey
27,Glenda,Rumming,crummingq@census.gov,Male,2021-04-03,Calley
28,Phedra,Pardal,bpardalr@privacy.gov.au,Female,2021-04-18,Brandie
29,Vergil,Gorgl,agorgls@wix.com,Female,2021-03-20,Amandi
30,Christyna,Wildber,jwildbert@ebay.com,Female,2021-06-04,Julee
31,Sissy,Okker,dokkeru@xinhuanet.com,Female,2021-08-16,Desiree
32,Farrah,Cornely,kcornelyv@51.la,Female,2021-05-02,Kingsly
33,Janice,Divill,hdivillw@privacy.gov.au,Male,2021-06-27,Hannah
34,Samson,Kleszinski,fkleszinskix@tamu.edu,Female,2021-06-11,Franklin
35,Micky,Elcy,melcyy@oaic.gov.au,Polygender,2021-07-05,Morgun
36,Tammy,Loughlan,floughlanz@amazon.de,Female,2021-11-14,Friederike
37,Marya,Bolingbroke,sbolingbroke10@newsvine.com,Male,2021-02-23,Shoshanna
38,Faustine,Eley,meley11@w3.org,Female,2021-07-24,Moss
39,Harmon,Bamlet,mbamlet12@nytimes.com,Female,2021-07-15,Mikael
40,Everett,Knox,kknox13@purevolume.com,Female,2021-08-30,Kelley
41,Jaine,Duran,rduran14@jigsy.com,Female,2021-10-27,Robbyn
42,Jeramey,Terram,fterram15@naver.com,Female,2021-07-18,Faber
43,Tersina,Learman,hlearman16@smh.com.au,Female,2021-05-27,Hendrika
44,Andreas,Treweke,streweke17@qq.com,Female,2021-08-02,Selena
45,Judy,Zorzenoni,azorzenoni18@google.com,Female,2021-07-05,Aaron
46,Russ,MacMichael,bmacmichael19@histats.com,Female,2021-11-29,Bernete
47,Odilia,Yockney,tyockney1a@soundcloud.com,Male,2021-05-08,Terrel
48,Edik,Yakovlev,pyakovlev1b@woothemes.com,Female,2022-01-10,Pru
49,Ellissa,Gerhardt,ngerhardt1c@dyndns.org,Female,2021-01-20,Nolly
50,Flemming,Nicklinson,vnicklinson1d@howstuffworks.com,Male,2021-07-25,Vanya
